Workbook

Sheet 📋 Cover & Legend
B2: STRIDE Threat Modeling — OT & IT Environments
B3: Threat Register | Control Mitigations | Application Status Tracker
B5: STRIDE Category | C5: Description | D5: Letter | E5: Color Code
B6: Spoofing | C6: Impersonating a user, device, or system component | D6: S | E6: #4472C4
B7: Tampering | C7: Unauthorized modification of data, firmware, or configurations | D7: T | E7: #ED7D31
B8: Repudiation | C8: Denying actions without auditability or accountability | D8: R | E8: #70AD47
B9: Information Disclosure | C9: Exposing sensitive data to unauthorized parties | D9: I | E9: #FFC000
B10: Denial of Service | C10: Disrupting availability of systems or processes | D10: D | E10: #FF0000
B11: Elevation of Privilege | C11: Gaining unauthorized elevated access or capabilities | D11: E | E11: #7030A0
B14: Application Status Colors | C14: Meaning | D14: Used In Sheet
B15: TRIGGERED + ALL CONTROLS IN PLACE | C15: Threat active — mitigations confirmed ✅ | D15: OT Threats / IT Threats / Shared
B16: TRIGGERED + PARTIAL CONTROLS | C16: Threat active — some controls missing ⚠️ | D16: OT Threats / IT Threats / Shared
B17: TRIGGERED + NO CONTROLS | C17: Threat active — UNMITIGATED ❌ | D17: OT Threats / IT Threats / Shared
B18: NOT TRIGGERED | C18: No active threat detected | D18: OT Threats / IT Threats / Shared
B21: Environment | C21: Description
B22: OT Environment | C22: Operational Technology: PLCs, RTUs, SCADA, HMIs, DCS, field devices
B23: IT Environment | C23: Information Technology: Servers, workstations, cloud, networks, endpoints
B24: Shared / Both | C24: Threats and controls applicable across OT and IT boundaries
B27: Column Guide — Threat Register Sheets
B28: Threat ID | C28: Unique identifier e.g. OT-S-001 (Environment-STRIDE-Seq)
B29: STRIDE Category | C29: Which STRIDE threat category applies
B30: Threat Name | C30: Short descriptive name of the threat
B31: Threat Description | C31: Detailed description of the attack vector and impact
B32: Target Asset | C32: The asset, component or system being targeted
B33: Likelihood (1-5) | C33: Probability of occurrence: 1=Very Low … 5=Very High
B34: Impact (1-5) | C34: Consequence severity: 1=Negligible … 5=Catastrophic
B35: Risk Score | C35: Likelihood × Impact (auto-calculated)
B36: Risk Level | C36: LOW / MEDIUM / HIGH / CRITICAL derived from Risk Score
B37: Control Mitigation | C37: Recommended security control(s) to mitigate the threat
B38: Control Standard Ref | C38: NIST CSF / IEC 62443 / NERC CIP reference
B39: Control Status | C39: App sets: None / Partial / Implemented
... B42: Notes | C42: Additional context, exceptions, or remediation actions

Sheet 📊 Risk Dashboard
B2: STRIDE Threat Modeling — Risk Dashboard
B4: OT Environment — Threat Summary
B5: Metric | C5: CRITICAL | D5: HIGH | E5: MEDIUM | F5: LOW | G5: Total Threats
B6: Threat Count | C6: =COUNTIF('🔴 OT Threats'!I4:I29,"CRITICAL") -> 6 | D6: =COUNTIF('🔴 OT Threats'!I4:I29,"HIGH") -> 20 | E6: =COUNTIF('🔴 OT Threats'!I4:I29,"MEDIUM") -> 0 | F6: =COUNTIF('🔴 OT Threats'!I4:I29,"LOW") -> 0 | G6: =COUNTA('🔴 OT Threats'!A4:A29) -> 26
B7: Triggered Threats | C7: =COUNTIFS('🔴 OT Threats'!I4:I29,"CRITICAL",'🔴 OT Threats'!M4:M29,"YES") -> 0 | D7: =COUNTIFS('🔴 OT Threats'!I4:I29,"HIGH",'🔴 OT Threats'!M4:M29,"YES") -> 0 | E7: =COUNTIFS('🔴 OT Threats'!I4:I29,"MEDIUM",'🔴 OT Threats'!M4:M29,"YES") -> 0 | F7: =COUNTIFS('🔴 OT Threats'!I4:I29,"LOW",'🔴 OT Threats'!M4:M29,"YES") -> 0 | G7: =COUNTIF('🔴 OT Threats'!M4:M29,"YES") -> 0
B8: Controls Implemented | C8: =COUNTIFS('🔴 OT Threats'!I4:I29,"CRITICAL",'🔴 OT Threats'!L4:L29,"Implemented") -> 0 | D8: =COUNTIFS('🔴 OT Threats'!I4:I29,"HIGH",'🔴 OT Threats'!L4:L29,"Implemented") -> 0 | E8: =COUNTIFS('🔴 OT Threats'!I4:I29,"MEDIUM",'🔴 OT Threats'!L4:L29,"Implemented") -> 0 | F8: =COUNTIFS('🔴 OT Threats'!I4:I29,"LOW",'🔴 OT Threats'!L4:L29,"Implemented") -> 0 | G8: =COUNTIF('🔴 OT Threats'!L4:L29,"Implemented") -> 0
B9: Unmitigated Triggered | C9: =COUNTIFS('🔴 OT Threats'!I4:I29,"CRITICAL",'🔴 OT Threats'!M4:M29,"YES",'🔴 OT Threats'!L4:L29,"None") -> 0 | D9: =COUNTIFS('🔴 OT Threats'!I4:I29,"HIGH",'🔴 OT Threats'!M4:M29,"YES",'🔴 OT Threats'!L4:L29,"None") -> 0 | E9: =COUNTIFS('🔴 OT Threats'!I4:I29,"MEDIUM",'🔴 OT Threats'!M4:M29,"YES",'🔴 OT Threats'!L4:L29,"None") -> 0 | F9: =COUNTIFS('🔴 OT Threats'!I4:I29,"LOW",'🔴 OT Threats'!M4:M29,"YES",'🔴 OT Threats'!L4:L29,"None") -> 0 | G9: =COUNTIFS('🔴 OT Threats'!M4:M29,"YES",'🔴 OT Threats'!L4:L29,"None") -> 0
B11: IT Environment — Threat Summary
B12: Metric | C12: CRITICAL | D12: HIGH | E12: MEDIUM | F12: LOW | G12: Total Threats
B13: Threat Count | C13: =COUNTIF('🟢 IT Threats'!I30:I56,"CRITICAL") -> 0 | D13: =COUNTIF('🟢 IT Threats'!I30:I56,"HIGH") -> 1 | E13: =COUNTIF('🟢 IT Threats'!I30:I56,"MEDIUM") -> 0 | F13: =COUNTIF('🟢 IT Threats'!I30:I56,"LOW") -> 0 | G13: =COUNTA('🟢 IT Threats'!A30:A56) -> 1
B14: Triggered Threats | C14: =COUNTIFS('🟢 IT Threats'!I30:I56,"CRITICAL",'🟢 IT Threats'!M30:M56,"YES") -> 0 | D14: =COUNTIFS('🟢 IT Threats'!I30:I56,"HIGH",'🟢 IT Threats'!M30:M56,"YES") -> 0 | E14: =COUNTIFS('🟢 IT Threats'!I30:I56,"MEDIUM",'🟢 IT Threats'!M30:M56,"YES") -> 0 | F14: =COUNTIFS('🟢 IT Threats'!I30:I56,"LOW",'🟢 IT Threats'!M30:M56,"YES") -> 0 | G14: =COUNTIF('🟢 IT Threats'!M30:M56,"YES") -> 0
B15: Controls Implemented | C15: =COUNTIFS('🟢 IT Threats'!I30:I56,"CRITICAL",'🟢 IT Threats'!L30:L56,"Implemented") -> 0 | D15: =COUNTIFS('🟢 IT Threats'!I30:I56,"HIGH",'🟢 IT Threats'!L30:L56,"Implemented") -> 0 | E15: =COUNTIFS('🟢 IT Threats'!I30:I56,"MEDIUM",'🟢 IT Threats'!L30:L56,"Implemented") -> 0 | F15: =COUNTIFS('🟢 IT Threats'!I30:I56,"LOW",'🟢 IT Threats'!L30:L56,"Implemented") -> 0 | G15: =COUNTIF('🟢 IT Threats'!L30:L56,"Implemented") -> 0
B16: Unmitigated Triggered | C16: =COUNTIFS('🟢 IT Threats'!I30:I56,"CRITICAL",'🟢 IT Threats'!M30:M56,"YES",'🟢 IT Threats'!L30:L56,"None") -> 0 | D16: =COUNTIFS('🟢 IT Threats'!I30:I56,"HIGH",'🟢 IT Threats'!M30:M56,"YES",'🟢 IT Threats'!L30:L56,"None") -> 0 | E16: =COUNTIFS('🟢 IT Threats'!I30:I56,"MEDIUM",'🟢 IT Threats'!M30:M56,"YES",'🟢 IT Threats'!L30:L56,"None") -> 0 | F16: =COUNTIFS('🟢 IT Threats'!I30:I56,"LOW",'🟢 IT Threats'!M30:M56,"YES",'🟢 IT Threats'!L30:L56,"None") -> 0 | G16: =COUNTIFS('🟢 IT Threats'!M30:M56,"YES",'🟢 IT Threats'!L30:L56,"None") -> 0
B18: Shared — Threat Summary
B19: Metric | C19: CRITICAL | D19: HIGH | E19: MEDIUM | F19: LOW | G19: Total Threats
B20: Threat Count | C20: =COUNTIF('🔵 Shared Threats'!I31:I41,"CRITICAL") -> 0 | D20: =COUNTIF('🔵 Shared Threats'!I31:I41,"HIGH") -> 0 | E20: =COUNTIF('🔵 Shared Threats'!I31:I41,"MEDIUM") -> 0 | F20: =COUNTIF('🔵 Shared Threats'!I31:I41,"LOW") -> 0 | G20: =COUNTA('🔵 Shared Threats'!A31:A41) -> 0
B21: Triggered Threats | C21: =COUNTIFS('🔵 Shared Threats'!I31:I41,"CRITICAL",'🔵 Shared Threats'!M31:M41,"YES") -> 0 | D21: =COUNTIFS('🔵 Shared Threats'!I31:I41,"HIGH",'🔵 Shared Threats'!M31:M41,"YES") -> 0 | E21: =COUNTIFS('🔵 Shared Threats'!I31:I41,"MEDIUM",'🔵 Shared Threats'!M31:M41,"YES") -> 0 | F21: =COUNTIFS('🔵 Shared Threats'!I31:I41,"LOW",'🔵 Shared Threats'!M31:M41,"YES") -> 0 | G21: =COUNTIF('🔵 Shared Threats'!M31:M41,"YES") -> 0
B22: Controls Implemented | C22: =COUNTIFS('🔵 Shared Threats'!I31:I41,"CRITICAL",'🔵 Shared Threats'!L31:L41,"Implemented") -> 0 | D22: =COUNTIFS('🔵 Shared Threats'!I31:I41,"HIGH",'🔵 Shared Threats'!L31:L41,"Implemented") -> 0 | E22: =COUNTIFS('🔵 Shared Threats'!I31:I41,"MEDIUM",'🔵 Shared Threats'!L31:L41,"Implemented") -> 0 | F22: =COUNTIFS('🔵 Shared Threats'!I31:I41,"LOW",'🔵 Shared Threats'!L31:L41,"Implemented") -> 0 | G22: =COUNTIF('🔵 Shared Threats'!L31:L41,"Implemented") -> 0
B23: Unmitigated Triggered | C23: =COUNTIFS('🔵 Shared Threats'!I31:I41,"CRITICAL",'🔵 Shared Threats'!M31:M41,"YES",'🔵 Shared Threats'!L31:L41,"None") -> 0 | D23: =COUNTIFS('🔵 Shared Threats'!I31:I41,"HIGH",'🔵 Shared Threats'!M31:M41,"YES",'🔵 Shared Threats'!L31:L41,"None") -> 0 | E23: =COUNTIFS('🔵 Shared Threats'!I31:I41,"MEDIUM",'🔵 Shared Threats'!M31:M41,"YES",'🔵 Shared Threats'!L31:L41,"None") -> 0 | F23: =COUNTIFS('🔵 Shared Threats'!I31:I41,"LOW",'🔵 Shared Threats'!M31:M41,"YES",'🔵 Shared Threats'!L31:L41,"None") -> 0 | G23: =COUNTIFS('🔵 Shared Threats'!M31:M41,"YES",'🔵 Shared Threats'!L31:L41,"None") -> 0
B25: STRIDE Category Distribution (All Environments)
B26: STRIDE Category | C26: OT Count | D26: IT Count | E26: Shared Count | F26: Total
B27: Spoofing | C27: =COUNTIF('🔴 OT Threats'!B4:B29,"Spoofing") -> 5 | D27: =COUNTIF('🟢 IT Threats'!B4:B30,"Spoofing") -> 5 | E27: =COUNTIF('🔵 Shared Threats'!B4:B14,"Spoofing") -> 2 | F27: =SUM(C27:E27) -> 12
B28: Tampering | C28: =COUNTIF('🔴 OT Threats'!B4:B29,"Tampering") -> 5 | D28: =COUNTIF('🟢 IT Threats'!B4:B30,"Tampering") -> 5 | E28: =COUNTIF('🔵 Shared Threats'!B4:B14,"Tampering") -> 2 | F28: =SUM(C28:E28) -> 12
B29: Repudiation | C29: =COUNTIF('🔴 OT Threats'!B4:B29,"Repudiation") -> 3 | D29: =COUNTIF('🟢 IT Threats'!B4:B30,"Repudiation") -> 3 | E29: =COUNTIF('🔵 Shared Threats'!B4:B14,"Repudiation") -> 1 | F29: =SUM(C29:E29) -> 7
B30: Information Disclosure | C30: =COUNTIF('🔴 OT Threats'!B4:B29,"Information Disclosure") -> 4 | D30: =COUNTIF('🟢 IT Threats'!B4:B30,"Information Disclosure") -> 5 | E30: =COUNTIF('🔵 Shared Threats'!B4:B14,"Information Disclosure") -> 2 | F30: =SUM(C30:E30) -> 11
B31: Denial of Service | C31: =COUNTIF('🔴 OT Threats'!B4:B29,"Denial of Service") -> 5 | D31: =COUNTIF('🟢 IT Threats'!B4:B30,"Denial of Service") -> 4 | E31: =COUNTIF('🔵 Shared Threats'!B4:B14,"Denial of Service") -> 2 | F31: =SUM(C31:E31) -> 11
B32: Elevation of Privilege | C32: =COUNTIF('🔴 OT Threats'!B4:B29,"Elevation of Privilege") -> 4 | D32: =COUNTIF('🟢 IT Threats'!B4:B30,"Elevation of Privilege") -> 5 | E32: =COUNTIF('🔵 Shared Threats'!B4:B14,"Elevation of Privilege") -> 2 | F32: =SUM(C32:E32) -> 11
B34: 🤖 APPLICATION INTEGRATION NOTE: Set 'Threat Triggered?' = YES and 'Control Status' = None/Partial/Implemented in each threat sheet. The 'App Status' column and dashboard counters update automatically.

Sheet 🔴 OT Threats
A2: STRIDE Threat Register — 🔴 OT Threats
A3: Threat ID | B3: STRIDE Category | C3: Threat Name | D3: Threat Description | E3: Target Asset | F3: Likelihood (1-5) | G3: Impact (1-5) | H3: Risk Score | I3: Risk Level | J3: Control Mitigation | K3: Control Standard Ref | L3: Control Status | M3: Threat Triggered? | N3: App Status | O3: Notes
A4: 🔴-S-001 | B4: Spoofing | C4: Rogue Engineering Workstation | D4: Attacker introduces an unauthorized engineering workstation onto the OT network to send crafted commands to PLCs or RTUs | E4: PLC / RTU / DCS | F4: 4 | G4: 5 | H4: 20 | I4: CRITICAL | J4: Whitelist authorized engineering workstations by MAC/IP; enforce certificate-based device authentication on control network; segment EWS VLAN | K4: IEC 62443-3-3 SR 1.1 / NIST CSF PR.AC-1 | L4: None | M4: NO | N4: =IF(M4="YES",IF(L4="Implemented","✅ Triggered+Mitigated",IF(L4="Partial","⚠️ Partial Controls","❌ Unmitigated")),"— Not Triggered") -> — Not Triggered | O4: Critical for air-gapped or DMZ-adjacent cells
A5: 🔴-S-002 | B5: Spoofing | C5: Protocol Identity Spoofing (Modbus/DNP3) | D5: Exploitation of legacy unauthenticated protocols (Modbus, DNP3) to impersonate master/slave devices and inject commands | E5: Field Devices / RTUs | F5: 5 | G5: 5 | H5: 25 | I5: CRITICAL | J5: Deploy authenticated variants (DNP3 SA, OPC-UA security); OT-aware IDS/IPS with protocol anomaly detection; network segmentation | K5: IEC 62443-3-3 SR 1.2 / NERC CIP-005 | L5: None | M5: NO | N5: =IF(M5="YES",IF(L5="Implemented","✅ Triggered+Mitigated",IF(L5="Partial","⚠️ Partial Controls","❌ Unmitigated")),"— Not Triggered") -> — Not Triggered | O5: Modbus has no native auth — compensating controls mandatory
A6: 🔴-S-003 | B6: Spoofing | C6: HMI Session Hijacking | D6: Attacker hijacks an active HMI session after an operator leaves the station unattended, assuming the authenticated identity | E6: HMI / SCADA | F6: 3 | G6: 4 | H6: 12 | I6: HIGH | J6: Automatic session timeout; smart card / MFA for HMI logon; operator inactivity lock policy; session token binding | K6: IEC 62443-2-1 / NIST SP 800-82 | L6: None | M6: NO | N6: =IF(M6="YES",IF(L6="Implemented","✅ Triggered+Mitigated",IF(L6="Partial","⚠️ Partial Controls","❌ Unmitigated")),"— Not Triggered") -> — Not Triggered | O6: Physical proximity of HMI in control rooms heightens risk
A7: 🔴-S-004 | B7: Spoofing | C7: GPS Signal Spoofing | D7: Adversary broadcasts counterfeit GPS signals to manipulate time synchronization in SCADA/substation automation | E7: Time Sync / GPS Receivers | F7: 3 | G7: 5 | H7: 15 | I7: HIGH | J7: Deploy authenticated GPS receivers (SAASM); cross-check with IEEE 1588 PTP and internal NTP; anomaly alerting on clock drift | K7: IEC 62351-7 / NERC CIP-002 | L7: None | M7: NO | N7: =IF(M7="YES",IF(L7="Implemented","✅ Triggered+Mitigated",IF(L7="Partial","⚠️ Partial Controls","❌ Unmitigated")),"— Not Triggered") -> — Not Triggered | O7: Impacts protective relays and sequence-of-events recording
A8: 🔴-S-005 | B8: Spoofing | C8: Vendor Remote Access Impersonation | D8: Attacker impersonates a trusted vendor during a remote support session to gain access to control systems | E8: Remote Access Gateway | F8: 4 | G8: 5 | H8: 20 | I8: CRITICAL | J8: MFA for all remote vendor access; Just-In-Time access with session recording; vendor identity verification before enablement | K8: IEC 62443-2-4 / NIST CSF PR.AC-3 | L8: None | M8: NO | N8: =IF(M8="YES",IF(L8="Implemented","✅ Triggered+Mitigated",IF(L8="Partial","⚠️ Partial Controls","❌ Unmitigated")),"— Not Triggered") -> — Not Triggered | O8: Third-party access is a leading OT breach vector
A9: 🔴-T-006 | B9: Tampering | C9: PLC Firmware Modification | D9: Attacker uploads malicious or modified firmware to a PLC to alter process behavior or create persistent backdoors | E9: PLC / PAC | F9: 3 | G9: 5 | H9: 15 | I9: HIGH | J9: Firmware integrity verification before upload; code signing for control logic; change control and dual-person authorization | K9: IEC 62443-3-3 SR 3.3 / NIST SP 800-82 | L9: None | M9: NO | N9: =IF(M9="YES",IF(L9="Implemented","✅ Triggered+Mitigated",IF(L9="Partial","⚠️ Partial Controls","❌ Unmitigated")),"— Not Triggered") -> — Not Triggered | O9: Stuxnet-class attack vector
A10: 🔴-T-007 | B10: Tampering | C10: Control Logic Manipulation | D10: Unauthorized modification of ladder logic or function blocks to cause unsafe process states or equipment damage | E10: PLC / DCS Controller | F10: 3 | G10: 5 | H10: 15 | I10: HIGH | J10: Application whitelisting on engineering workstations; read-only lock on PLC programs in run mode; program hash integrity checks | K10: IEC 62443-3-3 SR 3.4 / IEC 61511 | L10: None | M10: NO | N10: =IF(M10="YES",IF(L10="Implemented","✅ Triggered+Mitigated",IF(L10="Partial","⚠️ Partial Controls","❌ Unmitigated")),"— Not Triggered") -> — Not Triggered | O10: Requires engineering workstation access or network path
A11: 🔴-T-008 | B11: Tampering | C11: Historian Data Manipulation | D11: Attacker modifies process historian records to conceal anomalous behavior or manipulate compliance reporting | E11: Process Historian | F11: 3 | G11: 4 | H11: 12 | I11: HIGH | J11: Write-once storage or WORM for historian; audit logging of all write operations; integrity hashes on time-series records | K11: IEC 62443-3-3 SR 3.1 / NERC CIP-007 | L11: None | M11: NO | N11: =IF(M11="YES",IF(L11="Implemented","✅ Triggered+Mitigated",IF(L11="Partial","⚠️ Partial Controls","❌ Unmitigated")),"— Not Triggered") -> — Not Triggered | O11: Can mask safety incidents or regulatory non-compliance
A12: 🔴-T-009 | B12: Tampering | C12: Configuration File Alteration | D12: Modification of SCADA or IED configuration files (e.g., SCL, IEC 61850 CID) to alter protection settings | E12: IED / SCADA Config | F12: 3 | G12: 5 | H12: 15 | I12: HIGH | J12: File integrity monitoring on config directories; version-controlled config management; digitally signed configuration files | K12: IEC 62351-8 / IEC 61850 | L12: None | M12: NO | N12: =IF(M12="YES",IF(L12="Implemented","✅ Triggered+Mitigated",IF(L12="Partial","⚠️ Partial Controls","❌ Unmitigated")),"— Not Triggered") -> — Not Triggered | O12: Protection relay mis-operation can cause outage or damage
A13: 🔴-T-010 | B13: Tampering | C13: Man-in-the-Middle on OT Network | D13: Attacker intercepts and modifies commands between master and slave devices on the OT LAN | E13: Network / Control Bus | F13: 3 | G13: 5 | H13: 15 | I13: HIGH | J13: Network encryption (TLS/DTLS) where protocol supports; OT-aware IDS for command sequence anomalies; strict VLAN segregation | K13: IEC 62443-3-3 SR 3.2 / NIST CSF PR.DS-2 | L13: None | M13: NO | N13: =IF(M13="YES",IF(L13="Implemented","✅ Triggered+Mitigated",IF(L13="Partial","⚠️ Partial Controls","❌ Unmitigated")),"— Not Triggered") -> — Not Triggered | O13: Challenging in brownfield with legacy protocols
A14: 🔴-R-011 | B14: Repudiation | C14: Operator Action Denial | D14: Operator denies executing a critical command (e.g., valve open/close) in the event of a safety incident | E14: HMI / SCADA | F14: 3 | G14: 4 | H14: 12 | I14: HIGH | J14: Tamper-evident audit logs with operator ID, timestamp, and command on WORM storage; video surveillance of control consoles | K14: IEC 62443-2-1 / NERC CIP-007 | L14: None | M14: NO | N14: =IF(M14="YES",IF(L14="Implemented","✅ Triggered+Mitigated",IF(L14="Partial","⚠️ Partial Controls","❌ Unmitigated")),"— Not Triggered") -> — Not Triggered | O14: Essential for incident investigation and regulatory compliance
A15: 🔴-R-012 | B15: Repudiation | C15: Vendor Activity Non-Traceability | D15: Vendor remote session activities cannot be attributed to specific individuals due to shared credentials | E15: Remote Access / Jump Server | F15: 4 | G15: 4 | H15: 16 | I15: HIGH | J15: Individual named accounts for all vendors (no shared); full session recording with keystroke logging; MFA-tied audit trail | K15: IEC 62443-2-4 / NIST CSF DE.CM-3 | L15: None | M15: NO | N15: =IF(M15="YES",IF(L15="Implemented","✅ Triggered+Mitigated",IF(L15="Partial","⚠️ Partial Controls","❌ Unmitigated")),"— Not Triggered") -> — Not Triggered | O15: Shared 'vendor' accounts are systemic in OT environments
... A29: 🔴-E-026 | B29: Elevation of Privilege | C29: Abuse of Engineering Mode | D29: Attacker places a PLC in programming/engineering mode to bypass safety interlocks and execute unauthorized commands | E29: PLC / Safety Controller | F29: 2 | G29: 5 | H29: 10 | I29: HIGH | J29: Physical key switch for engineering mode; dual authorization for mode change; mode change alerts to SOC; hardware interlocks | K29: IEC 62443-3-3 SR 2.4 / IEC 61511 | L29: None | M29: NO | N29: =IF(M29="YES",IF(L29="Implemented","✅ Triggered+Mitigated",IF(L29="Partial","⚠️ Partial Controls","❌ Unmitigated")),"— Not Triggered") -> — Not Triggered | O29: Engineering mode bypasses many safety protections

Sheet 🟢 IT Threats
A2: STRIDE Threat Register — 🟢 IT Threats
A3: Threat ID | B3: STRIDE Category | C3: Threat Name | D3: Threat Description | E3: Target Asset | F3: Likelihood (1-5) | G3: Impact (1-5) | H3: Risk Score | I3: Risk Level | J3: Control Mitigation | K3: Control Standard Ref | L3: Control Status | M3: Threat Triggered? | N3: App Status | O3: Notes
A4: 🟢-S-001 | B4: Spoofing | C4: Credential Phishing / Business Email Compromise | D4: Spear-phishing email targeting IT staff to steal credentials and enable lateral movement within corporate network | E4: Email / Active Directory | F4: 5 | G4: 4 | H4: 20 | I4: CRITICAL | J4: MFA on all user accounts; anti-phishing email gateway; security awareness training; DMARC/DKIM/SPF enforcement | K4: NIST CSF PR.AC-1 / CIS Control 6 | L4: None | M4: NO | N4: =IF(M4="YES",IF(L4="Implemented","✅ Triggered+Mitigated",IF(L4="Partial","⚠️ Partial Controls","❌ Unmitigated")),"— Not Triggered") -> — Not Triggered | O4: Leading initial access vector; MFA reduces risk by >99%
A5: 🟢-S-002 | B5: Spoofing | C5: Kerberoasting / AS-REP Roasting | D5: Attacker requests Kerberos service tickets for service accounts and cracks them offline to impersonate privileged identities | E5: Active Directory | F5: 4 | G5: 4 | H5: 16 | I5: HIGH | J5: Strong passwords on service accounts (>25 chars); disable RC4 encryption; managed service accounts (gMSA); detect anomalous TGS requests | K5: NIST SP 800-63B / CIS Control 5 | L5: None | M5: NO | N5: =IF(M5="YES",IF(L5="Implemented","✅ Triggered+Mitigated",IF(L5="Partial","⚠️ Partial Controls","❌ Unmitigated")),"— Not Triggered") -> — Not Triggered | O5: Prevalent in AD environments; often undetected without EDR/SIEM
A6: 🟢-S-003 | B6: Spoofing | C6: ARP/DNS Spoofing on Corporate LAN | D6: Attacker poisons ARP cache or DNS to redirect traffic and intercept credentials or sessions | E6: LAN / DNS | F6: 3 | G6: 4 | H6: 12 | I6: HIGH | J6: Dynamic ARP inspection; DNSSEC; DNS over HTTPS/TLS; network monitoring for ARP anomalies; 802.1X port auth | K6: NIST CSF PR.AC-5 / CIS Control 12 | L6: None | M6: NO | N6: =IF(M6="YES",IF(L6="Implemented","✅ Triggered+Mitigated",IF(L6="Partial","⚠️ Partial Controls","❌ Unmitigated")),"— Not Triggered") -> — Not Triggered | O6: Often prerequisite for MitM attacks on internal services
A7: 🟢-S-004 | B7: Spoofing | C7: OAuth/SAML Token Forgery | D7: Exploitation of misconfigured SSO to forge authentication tokens and access cloud or SaaS applications without valid credentials | E7: IAM / SSO / Cloud Apps | F7: 3 | G7: 5 | H7: 15 | I7: HIGH | J7: Validate token signatures and claims; short token lifetimes; conditional access policies; anomaly detection on token usage | K7: NIST SP 800-63C / CIS Control 6 | L7: None | M7: NO | N7: =IF(M7="YES",IF(L7="Implemented","✅ Triggered+Mitigated",IF(L7="Partial","⚠️ Partial Controls","❌ Unmitigated")),"— Not Triggered") -> — Not Triggered | O7: Increasing as cloud adoption grows; GoldenSAML attacks are active
A8: 🟢-S-005 | B8: Spoofing | C8: Cloud Identity Impersonation | D8: Attacker obtains cloud IAM keys or service principal credentials to impersonate cloud workloads and access resources | E8: Cloud IAM / API Keys | F8: 4 | G8: 4 | H8: 16 | I8: HIGH | J8: Rotate credentials regularly; secrets management vault; disable long-term access keys; use managed identities/IAM roles | K8: CIS AWS/Azure Benchmarks / NIST CSF PR.AC-4 | L8: None | M8: NO | N8: =IF(M8="YES",IF(L8="Implemented","✅ Triggered+Mitigated",IF(L8="Partial","⚠️ Partial Controls","❌ Unmitigated")),"— Not Triggered") -> — Not Triggered | O8: Exposed API keys in code repos are a common breach vector
A9: 🟢-T-006 | B9: Tampering | C9: Supply Chain Software Compromise | D9: Malicious code injected into a third-party software package or update pipeline (SolarWinds-style) | E9: Software Supply Chain | F9: 3 | G9: 5 | H9: 15 | I9: HIGH | J9: Software composition analysis (SCA); vendor risk assessments; code signing verification; network monitoring for unexpected egress | K9: NIST SP 800-161 / CIS Control 2 | L9: None | M9: NO | N9: =IF(M9="YES",IF(L9="Implemented","✅ Triggered+Mitigated",IF(L9="Partial","⚠️ Partial Controls","❌ Unmitigated")),"— Not Triggered") -> — Not Triggered | O9: High-impact, difficult to detect; affects all downstream users
A10: 🟢-T-007 | B10: Tampering | C10: Database Record Manipulation | D10: Attacker with DB access modifies critical records (financial, HR, configuration) to cause data integrity failures | E10: Database Server | F10: 3 | G10: 4 | H10: 12 | I10: HIGH | J10: DB activity monitoring (DAM); immutable audit logs; least-privilege DB accounts; data integrity checksums on critical tables | K10: NIST CSF PR.DS-1 / CIS Control 3 | L10: None | M10: NO | N10: =IF(M10="YES",IF(L10="Implemented","✅ Triggered+Mitigated",IF(L10="Partial","⚠️ Partial Controls","❌ Unmitigated")),"— Not Triggered") -> — Not Triggered | O10: Insider threat vector as well as external attacker post-compromise
A11: 🟢-T-008 | B11: Tampering | C11: Web Application Parameter Tampering | D11: Manipulation of web application parameters (SQLi, IDOR, request tampering) to alter back-end data or logic | E11: Web Application | F11: 4 | G11: 4 | H11: 16 | I11: HIGH | J11: WAF with OWASP ruleset; input validation and output encoding; parameterized queries; DAST/SAST in CI/CD pipeline | K11: OWASP Top 10 / NIST SP 800-53 SI-10 | L11: None | M11: NO | N11: =IF(M11="YES",IF(L11="Implemented","✅ Triggered+Mitigated",IF(L11="Partial","⚠️ Partial Controls","❌ Unmitigated")),"— Not Triggered") -> — Not Triggered | O11: OWASP Top 10 staple; automated scanners make exploitation trivial
A12: 🟢-T-009 | B12: Tampering | C12: Container Image Tampering | D12: Malicious layers injected into container images in CI/CD pipeline or registry, compromising deployed workloads | E12: Container Registry / CI/CD | F12: 3 | G12: 4 | H12: 12 | I12: HIGH | J12: Image signing (Cosign/Notary); vulnerability scanning in registry; admission controllers (OPA/Kyverno); read-only root filesystems | K12: CIS Docker Benchmark / NIST SP 800-190 | L12: None | M12: NO | N12: =IF(M12="YES",IF(L12="Implemented","✅ Triggered+Mitigated",IF(L12="Partial","⚠️ Partial Controls","❌ Unmitigated")),"— Not Triggered") -> — Not Triggered | O12: DevSecOps practice required for cloud-native environments
A13: 🟢-T-010 | B13: Tampering | C13: Log Tampering / Evidence Destruction | D13: Attacker with elevated access clears or modifies system and application logs to cover tracks post-compromise | E13: SIEM / Endpoint Logs | F13: 3 | G13: 4 | H13: 12 | I13: HIGH | J13: Forward logs in real-time to immutable SIEM; restrict log deletion permissions; WORM log storage; integrity hash chains | K13: NIST CSF DE.CM-1 / CIS Control 8 | L13: None | M13: NO | N13: =IF(M13="YES",IF(L13="Implemented","✅ Triggered+Mitigated",IF(L13="Partial","⚠️ Partial Controls","❌ Unmitigated")),"— Not Triggered") -> — Not Triggered | O13: Defense-in-depth requires assuming logs will be targeted
A14: 🟢-R-011 | B14: Repudiation | C14: Insider Threat Data Exfiltration Denial | D14: Malicious insider exfiltrates sensitive data and denies responsibility due to inadequate user activity logging | E14: Endpoint / DLP | F14: 3 | G14: 4 | H14: 12 | I14: HIGH | J14: User and Entity Behavior Analytics (UEBA); DLP with user attribution; screen recording for privileged sessions; comprehensive audit trails | K14: NIST SP 800-53 AU-12 / CIS Control 8 | L14: None | M14: NO | N14: =IF(M14="YES",IF(L14="Implemented","✅ Triggered+Mitigated",IF(L14="Partial","⚠️ Partial Controls","❌ Unmitigated")),"— Not Triggered") -> — Not Triggered | O14: Insider threats are among the costliest and hardest to detect
A15: 🟢-R-012 | B15: Repudiation | C15: Shared Account Usage | D15: Developers or admins use shared service accounts, preventing attribution of actions to individual users | E15: Servers / CI/CD / Cloud | F15: 4 | G15: 3 | H15: 12 | I15: HIGH | J15: Eliminate shared accounts; individual named accounts with MFA; PAM for privileged access; API keys tied to individual identities | K15: NIST CSF PR.AC-1 / CIS Control 5 | L15: None | M15: NO | N15: =IF(M15="YES",IF(L15="Implemented","✅ Triggered+Mitigated",IF(L15="Partial","⚠️ Partial Controls","❌ Unmitigated")),"— Not Triggered") -> — Not Triggered | O15: Audit finding in virtually every organization; high remediation effort
... A30: 🟢-E-027 | B30: Elevation of Privilege | C30: Sudo/Sudoers Misconfiguration Exploitation | D30: Overly permissive sudoers file on Linux allows low-privilege user to execute arbitrary commands as root | E30: Linux Servers | F30: 3 | G30: 4 | H30: 12 | I30: HIGH | J30: Audit sudoers files; restrict sudo to specific commands; use PAM for sudo; centralized privilege management; SIEM alerts on sudo usage | K30: CIS Linux Benchmark / NIST SP 800-53 AC-6 | L30: None | M30: NO | N30: =IF(M30="YES",IF(L30="Implemented","✅ Triggered+Mitigated",IF(L30="Partial","⚠️ Partial Controls","❌ Unmitigated")),"— Not Triggered") -> — Not Triggered | O30: GTFOBins documents hundreds of sudo misconfigs that enable privilege escalation

Sheet 🔵 Shared Threats
A2: STRIDE Threat Register — 🔵 Shared Threats
A3: Threat ID | B3: STRIDE Category | C3: Threat Name | D3: Threat Description | E3: Target Asset | F3: Likelihood (1-5) | G3: Impact (1-5) | H3: Risk Score | I3: Risk Level | J3: Control Mitigation | K3: Control Standard Ref | L3: Control Status | M3: Threat Triggered? | N3: App Status | O3: Notes
A4: 🔵-S-001 | B4: Spoofing | C4: Insider Threat Identity Impersonation | D4: Malicious insider uses a colleague's credentials or session to perform unauthorized actions while avoiding detection | E4: All Systems | F4: 3 | G4: 4 | H4: 12 | I4: HIGH | J4: MFA everywhere; session binding; UEBA for anomalous access patterns; least-privilege; background checks and access reviews | K4: NIST SP 800-53 AC-2 / IEC 62443-2-1 | L4: None | M4: NO | N4: =IF(M4="YES",IF(L4="Implemented","✅ Triggered+Mitigated",IF(L4="Partial","⚠️ Partial Controls","❌ Unmitigated")),"— Not Triggered") -> — Not Triggered | O4: Hardest threat to detect; behavioral analytics are key
A5: 🔵-S-002 | B5: Spoofing | C5: Third-Party / Vendor Account Compromise | D5: Attacker compromises a vendor's account that has persistent access to IT and OT environments | E5: Vendor Access / Remote Access | F5: 4 | G5: 5 | H5: 20 | I5: CRITICAL | J5: Third-party access management platform; JIT/JEA access; MFA mandatory for vendors; continuous vendor risk monitoring | K5: IEC 62443-2-4 / NIST SP 800-161 | L5: None | M5: NO | N5: =IF(M5="YES",IF(L5="Implemented","✅ Triggered+Mitigated",IF(L5="Partial","⚠️ Partial Controls","❌ Unmitigated")),"— Not Triggered") -> — Not Triggered | O5: Third-party access is the #1 OT breach vector; review all persistent vendor accounts
A6: 🔵-T-003 | B6: Tampering | C6: Ransomware Across IT/OT Boundary | D6: Ransomware originating in IT propagates into OT network, encrypting historian, SCADA servers, and HMIs | E6: IT/OT DMZ / SCADA | F6: 4 | G6: 5 | H6: 20 | I6: CRITICAL | J6: Enforce IT/OT network segmentation; disable unnecessary IT-OT connectivity; offline OT backups; OT-specific IR playbook | K6: IEC 62443-3-3 / NIST CSF RC.RP-1 | L6: None | M6: NO | N6: =IF(M6="YES",IF(L6="Implemented","✅ Triggered+Mitigated",IF(L6="Partial","⚠️ Partial Controls","❌ Unmitigated")),"— Not Triggered") -> — Not Triggered | O6: Colonial Pipeline demonstrated the operational impact; preparedness is essential
A7: 🔵-T-004 | B7: Tampering | C7: Malicious Firmware/Software Update | D7: Attacker injects malicious code into a legitimate update package delivered via the vendor update channel | E7: Update Servers / Vendor Channels | F7: 3 | G7: 5 | H7: 15 | I7: HIGH | J7: Verify digital signatures on all updates; out-of-band update validation; test updates in lab before production; monitor update sources | K7: NIST SP 800-161 / IEC 62443-2-4 | L7: None | M7: NO | N7: =IF(M7="YES",IF(L7="Implemented","✅ Triggered+Mitigated",IF(L7="Partial","⚠️ Partial Controls","❌ Unmitigated")),"— Not Triggered") -> — Not Triggered | O7: SolarWinds, ASUS, Kaseya — supply chain attacks are increasing
A8: 🔵-R-005 | B8: Repudiation | C8: Audit Log Gaps Across IT/OT Boundary | D8: Insufficient logging at the IT/OT interface prevents reconstruction of cross-boundary attack paths | E8: IT/OT DMZ / Firewalls | F8: 3 | G8: 4 | H8: 12 | I8: HIGH | J8: Centralized SIEM ingesting both IT and OT logs; OT-aware log parsing (Dragos, Claroty); consistent timestamp synchronization (NTP) | K8: IEC 62443-3-3 SR 2.8 / NIST SP 800-92 | L8: None | M8: NO | N8: =IF(M8="YES",IF(L8="Implemented","✅ Triggered+Mitigated",IF(L8="Partial","⚠️ Partial Controls","❌ Unmitigated")),"— Not Triggered") -> — Not Triggered | O8: Cross-domain log correlation is essential for OT incident response
A9: 🔵-I-006 | B9: Information Disclosure | C9: Sensitive Data Traversing Unencrypted Channels | D9: Proprietary process data or business data transmitted without encryption across network segments | E9: Network / Cross-Domain Links | F9: 4 | G9: 3 | H9: 12 | I9: HIGH | J9: TLS 1.2/1.3 for all data in transit; data diodes for one-way OT data feeds; DLP on cross-boundary flows; network traffic analysis | K9: IEC 62443-3-3 SR 5.1 / NIST CSF PR.DS-2 | L9: None | M9: NO | N9: =IF(M9="YES",IF(L9="Implemented","✅ Triggered+Mitigated",IF(L9="Partial","⚠️ Partial Controls","❌ Unmitigated")),"— Not Triggered") -> — Not Triggered | O9: Legacy OT protocols are inherently unencrypted; compensating controls needed
A10: 🔵-I-007 | B10: Information Disclosure | C10: Vulnerability Scanner Data Exposure | D10: Active vulnerability scanning of OT devices crashes them and/or the scan results expose detailed asset inventory to attacker | E10: OT/IT Asset Inventory | F10: 3 | G10: 3 | H10: 9 | I10: MEDIUM | J10: Passive OT-safe asset discovery (Claroty, Dragos, Nozomi); restrict scanner access; protect vulnerability reports as sensitive | K10: IEC 62443-2-1 / NIST SP 800-82 | L10: None | M10: NO | N10: =IF(M10="YES",IF(L10="Implemented","✅ Triggered+Mitigated",IF(L10="Partial","⚠️ Partial Controls","❌ Unmitigated")),"— Not Triggered") -> — Not Triggered | O10: Active scanning of OT is dangerous — passive discovery is mandatory
A11: 🔵-D-008 | B11: Denial of Service | C11: Firewall Rule Misconfiguration Enabling Attack Path | D11: Incorrect firewall rules allow attacker traffic to reach critical IT or OT assets directly | E11: Firewall / Network Boundary | F11: 3 | G11: 5 | H11: 15 | I11: HIGH | J11: Firewall rule review and audit; automated firewall policy analysis tools; change management for firewall rules; network segmentation validation | K11: IEC 62443-3-3 SR 5.1 / NIST CSF PR.AC-5 | L11: None | M11: NO | N11: =IF(M11="YES",IF(L11="Implemented","✅ Triggered+Mitigated",IF(L11="Partial","⚠️ Partial Controls","❌ Unmitigated")),"— Not Triggered") -> — Not Triggered | O11: Firewall misconfigs are pervasive; automated auditing is underutilized
A12: 🔵-D-009 | B12: Denial of Service | C12: Physical Destruction via Cyber Attack | D12: Cyber attack causes physical damage to equipment by driving it outside safe operating parameters (e.g., Industroyer) | E12: Physical Plant / ICS Equipment | F12: 2 | G12: 5 | H12: 10 | I12: HIGH | J12: Safety Instrumented Systems independent of control network; physical safety interlocks; process anomaly detection; cyber-physical impact assessment | K12: IEC 61511 / IEC 62443-3-3 SR 7.3 | L12: None | M12: NO | N12: =IF(M12="YES",IF(L12="Implemented","✅ Triggered+Mitigated",IF(L12="Partial","⚠️ Partial Controls","❌ Unmitigated")),"— Not Triggered") -> — Not Triggered | O12: Highest consequence OT scenario — defense-in-depth with independent safety layer
A13: 🔵-E-010 | B13: Elevation of Privilege | C13: Lateral Movement from IT to OT | D13: Attacker compromised in IT network pivots into OT network through inadequate segmentation or dual-homed hosts | E13: IT/OT Boundary / DMZ | F13: 4 | G13: 5 | H13: 20 | I13: CRITICAL | J13: Eliminate dual-homed hosts; strict DMZ architecture; micro-segmentation; OT network monitoring for anomalous connections; jump servers with MFA | K13: IEC 62443-3-3 SR 1.4 / NIST SP 800-82 | L13: None | M13: NO | N13: =IF(M13="YES",IF(L13="Implemented","✅ Triggered+Mitigated",IF(L13="Partial","⚠️ Partial Controls","❌ Unmitigated")),"— Not Triggered") -> — Not Triggered | O13: Most OT compromises begin with IT breach followed by lateral movement
A14: 🔵-E-011 | B14: Elevation of Privilege | C14: Privileged Account Misuse (PAM Gap) | D14: Privileged accounts (domain admin, root, engineering admin) used without proper vaulting, monitoring, or time-limited access | E14: IT/OT Privileged Accounts | F14: 4 | G14: 4 | H14: 16 | I14: HIGH | J14: Privileged Access Management (PAM) platform covering IT and OT; credential vaulting; session recording; just-in-time access; quarterly access reviews | K14: IEC 62443-3-3 SR 1.3 / NIST SP 800-53 AC-2 | L14: None | M14: NO | N14: =IF(M14="YES",IF(L14="Implemented","✅ Triggered+Mitigated",IF(L14="Partial","⚠️ Partial Controls","❌ Unmitigated")),"— Not Triggered") -> — Not Triggered | O14: Unified PAM across IT and OT is a foundational security control
